<?xml version="1.0"?>
<!-- <!DOCTYPE metadata SYSTEM "http://www.esri.com/metadata/esriprof80.dtd"> -->
<metadata xml:lang="en"><Esri><CreaDate>20200428</CreaDate><CreaTime>12104200</CreaTime><ArcGISFormat>1.0</ArcGISFormat><SyncOnce>TRUE</SyncOnce><DataProperties><itemProps><itemLocation><linkage Sync="TRUE">file://\\scotland.gov.uk\dc1\fs5_home\U419154\HOME\vug\data\input\spatial\bart_chrono_1919\bart_chrono_1400_1800Copy</linkage><protocol Sync="TRUE">Local Area Network</protocol></itemLocation></itemProps><copyHistory><copy source="H:\HOME\vug\data\input\spatial\bart_chrono_1919\bart_chrono_1400_1800" dest="\\scotland.gov.uk\dc1\fs5_home\U419154\HOME\vug\data\input\spatial\bart_chrono_1919\bart_chrono_1400_1800Copy" date="20200428" time="12104200"></copy></copyHistory></DataProperties></Esri><gmd:GEMINI_Metadata xmlns:gmd="http://www.isotc211.org/2005/gmd" xmlns:xsi="http://www.w3.org/2001/XMLSchema-instance" xmlns:gco="http://www.isotc211.org/2005/gco" xmlns:srv="http://www.isotc211.org/2005/srv" xmlns:gts="http://www.isotc211.org/2005/gts" xmlns:gml="http://www.opengis.net/gml" xmlns:xlink="http://www.w3.org/1999/xlink" xmlns:msxsl="urn:schemas-microsoft-com:xslt">
		<gmd:identificationInfo>
			<gmd:MD_DataIdentification/>
		</gmd:identificationInfo>
		<gmd:distributionInfo>
			<gmd:MD_Distribution>
				<gmd:transferOptions>
					<gmd:MD_DigitalTransferOptions>
						<gmd:onLine>
							<gmd:CI_OnlineResource>
								<gmd:linkage>
									<gmd:URL>\\scotland.gov.uk\dc1\fs5_home\U419154\HOME\vug\data\input\spatial\bart_chrono_1919\bart_chrono_1400_1622Copy</gmd:URL>
								</gmd:linkage>
							</gmd:CI_OnlineResource>
						</gmd:onLine>
					</gmd:MD_DigitalTransferOptions>
				</gmd:transferOptions>
			</gmd:MD_Distribution>
		</gmd:distributionInfo>
	</gmd:GEMINI_Metadata></metadata>
